<?xml version="1.0"?>
<orders><order><delivery><user>na902</user><name>Nathan Rawiri</name><email>rawirinathan@gmail.com</email><address>1701/365 St Paul's Terrace</address><city>Bowen Hills</city><postcode>4006</postcode></delivery></order><items><item><title>10x Bamboo Drinking Straws</title><price>9.99</price></item></items><order><delivery><user>na902</user><name>Nathan Rawiri</name><email>rawirinathan@gmail.com</email><address>1701/365 St Paul's Terrace</address><city>Bowen Hills</city><postcode>4006</postcode></delivery></order><items><item><title>10x Bamboo Drinking Straws</title><price>9.99</price></item></items><order><delivery><user>na902</user><name>Nathan Rawiri</name><email>rawirinathan@gmail.com</email><address>1701/365 St Paul's Terrace</address><city>Bowen Hills</city><postcode>4006</postcode></delivery></order><items/><order><delivery><user>na902</user><name>Nathan Rawiri</name><email>rawirinathan@gmail.com</email><address>1701/365 St Paul's Terrace</address><city>Bowen Hills</city><postcode>4006</postcode></delivery></order><items/><order><delivery><user>na902</user><name>Nathan Rawiri</name><email>rawirinathan@gmail.com</email><address>1701/365 St Paul's Terrace</address><city>Bowen Hills</city><postcode>4006</postcode></delivery></order><items><item><title>10x Bamboo Drinking Straws</title><price>9.99</price></item><item><title>10x Bamboo Drinking Straws</title><price>9.99</price></item></items><order><delivery><user>na902</user><name>Nathan Rawiri</name><email>rawirinathan@gmail.com</email><address>1701/365 St Paul's Terrace</address><city>Bowen Hills</city><postcode>4006</postcode></delivery></order><items/><order><delivery><user>na902</user><name>Nathan Rawiri</name><email>rawirinathan@gmail.com</email><address>1701/365 St Paul's Terrace</address><city>Bowen Hills</city><postcode>4006</postcode></delivery></order><items><item><title>10x Bamboo Drinking Straws</title><price>9.99</price></item></items><order><delivery><user>na902</user><name>Nathan Rawiri</name><email>rawirinathan@gmail.com</email><address>1701/365 St Paul's Terrace</address><city>Bowen Hills</city><postcode>4006</postcode></delivery></order><items/><order><delivery><user>na902</user><name>Nathan Rawiri</name><email>rawirinathan@gmail.com</email><address>1701/365 St Paul's Terrace</address><city>Bowen Hills</city><postcode>4006</postcode></delivery></order><items/><order><delivery><user>na902</user><name>Nathan Rawiri</name><email>rawirinathan@gmail.com</email><address>1701/365 St Paul's Terrace</address><city>Bowen Hills</city><postcode>4006</postcode></delivery></order><items><item><title>Bamboo Toothbrush</title><price>3.99</price></item></items><order><delivery><user>na902</user><name>Nathan Rawiri</name><email>rawirinathan@gmail.com</email><address>1701/365 St Paul's Terrace</address><city>Bowen Hills</city><postcode>4006</postcode></delivery></order><items/><order><delivery><user>na902</user><name>Nathan Rawiri</name><email>rawirinathan@gmail.com</email><address>1701/365 St Paul's Terrace</address><city>Bowen Hills</city><postcode>4006</postcode></delivery></order><items/><order><delivery><user>na902</user><name>Nathan Rawiri</name><email>rawirinathan@gmail.com</email><address>1701/365 St Paul's Terrace</address><city>Bowen Hills</city><postcode>4006</postcode></delivery></order><items/><order><delivery><user>na902</user><name>required</name><email>required@gmail.com</email><address>required</address><city>required</city><postcode>4444</postcode></delivery></order><items><item><title>Bamboo Toothbrush</title><price>3.99</price></item></items><order><delivery><user>na902</user><name>required</name><email>required@gmail.com</email><address>required</address><city>required</city><postcode>4444</postcode></delivery></order><items><item><title>Bamboo Toothbrush</title><price>3.99</price></item><item><title>Bamboo Toothbrush</title><price>3.99</price></item></items><order><delivery><user>na902</user><name>required</name><email>required@gmail.com</email><address>required</address><city>required</city><postcode>4000</postcode></delivery></order><items><item><title>Bamboo Toothbrush</title><price>3.99</price></item></items><order><delivery><user>na902</user><name>required</name><email>required@gmail.com</email><address>required</address><city>required</city><postcode>4000</postcode></delivery></order><items/><order><delivery><user>na902</user><name>required</name><email>required@gmail.com</email><address>required</address><city>required</city><postcode>4000</postcode></delivery></order><items/><order><delivery><user>na902</user><name>required</name><email>required@gmail.com</email><address>required</address><city>required</city><postcode>4000</postcode></delivery></order><items/><order><delivery><user>na902</user><name>required</name><email>required@gmail.com</email><address>required</address><city>required</city><postcode>4000</postcode></delivery></order><items/><order><delivery><user>na902</user><name>required</name><email>required@gmail.com</email><address>required</address><city>required</city><postcode>4000</postcode></delivery></order><items/><order><delivery><user>na902</user><name>required</name><email>required@gmail.com</email><address>required</address><city>required</city><postcode>4000</postcode></delivery></order><items/><order><delivery><user>na902</user><name>required</name><email>required@gmail.com</email><address>required</address><city>required</city><postcode>4000</postcode></delivery></order><items/><order><delivery><user>na902</user><name>required</name><email>required@gmail.com</email><address>required</address><city>required</city><postcode>4000</postcode></delivery></order><items/><order><delivery><user>na902</user><name>required</name><email>required@gmail.com</email><address>required</address><city>required</city><postcode>4000</postcode></delivery></order><items/><order><delivery><user>na902</user><name>required</name><email>required@gmail.com</email><address>required</address><city>required</city><postcode>4000</postcode></delivery></order><items/><order><delivery><user>na902</user><name>required</name><email>required@gmail.com</email><address>required</address><city>required</city><postcode>4000</postcode></delivery></order><items/><order><delivery><user>na902</user><name>required</name><email>required@gmail.com</email><address>required</address><city>required</city><postcode>4000</postcode></delivery></order><items><item><title>Bamboo Toothbrush</title><price>3.99</price></item></items><order><delivery><user>na902</user><name>required</name><email>required@gmail.com</email><address>required</address><city>required</city><postcode>4000</postcode></delivery></order><items><item><title>Bamboo Toothbrush</title><price>3.99</price></item></items><order><delivery><user>na902</user><name>required</name><email>required@gmail.com</email><address>required</address><city>required</city><postcode>4000</postcode></delivery></order><items><item><title>10x Bamboo Drinking Straws</title><price>9.99</price></item></items><order><delivery><user>na902</user><name>required</name><email>required@gmail.com</email><address>required</address><city>required</city><postcode>4000</postcode></delivery></order><items><item><title>10x Bamboo Drinking Straws</title><price>9.99</price></item></items><order><delivery><user>na902</user><name>required</name><email>required@gmail.com</email><address>required</address><city>required</city><postcode>4000</postcode></delivery></order><items><item><title>10x Bamboo Drinking Straws</title><price>9.99</price></item></items><order><delivery><user>na902</user><name>required</name><email>required@gmail.com</email><address>required</address><city>required</city><postcode>4000</postcode></delivery></order><items><item><title>Bamboo Toothbrush</title><price>3.99</price></item></items><order><delivery><user>na902</user><name>required</name><email>required@gmail.com</email><address>required</address><city>required</city><postcode>4000</postcode></delivery></order><items><item><title>10x Bamboo Drinking Straws</title><price>9.99</price></item></items><order><delivery><user>na902</user><name>required</name><email>required@gmail.com</email><address>required</address><city>required</city><postcode>4000</postcode></delivery></order><items><item><title>Bamboo Toothbrush</title><price>3.99</price></item></items><order><delivery><user>na902</user><name>required</name><email>required@gmail.com</email><address>required</address><city>required</city><postcode>4000</postcode></delivery></order><items><item><title>Bamboo Toothbrush</title><price>3.99</price></item></items><order><delivery><user>na902</user><name>required</name><email>required@gmail.com</email><address>required</address><city>required</city><postcode>4000</postcode></delivery></order><items><item><title>Bamboo Toothbrush</title><price>3.99</price></item></items><order><delivery><user>na902</user><name>required</name><email>required@gmail.com</email><address>required</address><city>required</city><postcode>4000</postcode></delivery></order><items><item><title>Bamboo Toothbrush</title><price>3.99</price></item></items><order><delivery><user>na902</user><name>required</name><email>required@gmail.com</email><address>required</address><city>required</city><postcode>4000</postcode></delivery></order><items><item><title>Bamboo Toothbrush</title><price>3.99</price></item></items><order><delivery><user>na902</user><name>required</name><email>required@gmail.com</email><address>required</address><city>required</city><postcode>4000</postcode></delivery></order><items><item><title>10x Bamboo Drinking Straws</title><price>9.99</price></item></items><order><delivery><user>na902</user><name>required</name><email>required@gmail.com</email><address>required</address><city>required</city><postcode>4000</postcode></delivery></order><items><item><title>Bamboo Toothbrush</title><price>3.99</price></item></items><order><delivery><user>na902</user><name>required</name><email>required@gmail.com</email><address>required</address><city>required</city><postcode>4000</postcode></delivery></order><items/><order><delivery><user>na902</user><name>required</name><email>required@gmail.com</email><address>required</address><city>required</city><postcode>4000</postcode></delivery></order><items><item><title>Bamboo Toothbrush</title><price>3.99</price></item></items><order><delivery><user>na902</user><name>required</name><email>required@gmail.com</email><address>required</address><city>required</city><postcode>4000</postcode></delivery></order><items><item><title>Bamboo Toothbrush</title><price>3.99</price></item></items><order><delivery><user>na902</user><name>required</name><email>required@gmail.com</email><address>required</address><city>required</city><postcode>4000</postcode></delivery></order><items><item><title>Bamboo Toothbrush</title><price>3.99</price></item></items><order><delivery><user>na902</user><name>required</name><email>required@gmail.com</email><address>required</address><city>required</city><postcode>4000</postcode></delivery></order><items><item><title>Bamboo Toothbrush</title><price>3.99</price></item></items><order><delivery><user>na902</user><name>required</name><email>required@gmail.com</email><address>required</address><city>required</city><postcode>4000</postcode></delivery></order><items><item><title>Bamboo Toothbrush</title><price>3.99</price></item></items><order><delivery><user>na902</user><name>required</name><email>required@gmail.com</email><address>required</address><city>required</city><postcode>4000</postcode></delivery></order><items><item><title>Bamboo Toothbrush</title><price>3.99</price></item></items><order><delivery><user>na902</user><name>required</name><email>required@gmail.com</email><address>required</address><city>required</city><postcode>4000</postcode></delivery></order><items><item><title>Bamboo Toothbrush</title><price>3.99</price></item></items><order><delivery><user>na902</user><name>required</name><email>required@gmail.com</email><address>required</address><city>required</city><postcode>4000</postcode></delivery></order><items><item><title>Bamboo Toothbrush</title><price>3.99</price></item></items><order><delivery><user>na902</user><name>required</name><email>required@gmail.com</email><address>required</address><city>required</city><postcode>4000</postcode></delivery></order><items><item><title>Bamboo Toothbrush</title><price>3.99</price></item><item><title>Bamboo Toothbrush</title><price>3.99</price></item></items><order><delivery><user>na902</user><name>required</name><email>required@gmail.com</email><address>required</address><city>required</city><postcode>4000</postcode></delivery></order><items><item><title>Bamboo Toothbrush</title><price>3.99</price></item><item><title>Bamboo Toothbrush</title><price>3.99</price></item></items><order><delivery><user>na902</user><name>required</name><email>required@gmail.com</email><address>required</address><city>required</city><postcode>4000</postcode></delivery></order><items><item><title>Bamboo Toothbrush</title><price>3.99</price></item><item><title>Bamboo Toothbrush</title><price>3.99</price></item><item><title>Bamboo Toothbrush</title><price>3.99</price></item></items><order><delivery><user>na902</user><name>required</name><email>required@gmail.com</email><address>required</address><city>required</city><postcode>4000</postcode></delivery></order><items><item><title>Bamboo Toothbrush</title><price>3.99</price></item><item><title>Bamboo Toothbrush</title><price>3.99</price></item><item><title>Bamboo Toothbrush</title><price>3.99</price></item></items><order><delivery><user>na902</user><name/><email/><address/><city/><postcode/></delivery></order><items><item><title>Bamboo Toothbrush</title><price>3.99</price></item><item><title>Bamboo Toothbrush</title><price>3.99</price></item><item><title>Bamboo Toothbrush</title><price>3.99</price></item></items><order><delivery><user>na902</user><name/><email/><address/><city/><postcode/></delivery></order><items><item><title>Bamboo Toothbrush</title><price>3.99</price></item><item><title>Bamboo Toothbrush</title><price>3.99</price></item><item><title>Bamboo Toothbrush</title><price>3.99</price></item><item><title>10x Bamboo Drinking Straws</title><price>9.99</price></item></items><order><delivery><user>na902</user><name>required</name><email>required@gmail.com</email><address>required</address><city>required</city><postcode>4000</postcode></delivery></order><items><item><title>Bamboo Toothbrush</title><price>3.99</price></item><item><title>Bamboo Toothbrush</title><price>3.99</price></item><item><title>Bamboo Toothbrush</title><price>3.99</price></item><item><title>10x Bamboo Drinking Straws</title><price>9.99</price></item></items><order><delivery><user>na902</user><name>required</name><email>required@gmail.com</email><address>required</address><city>required</city><postcode>4000</postcode></delivery></order><items><item><title>Bamboo Toothbrush</title><price>3.99</price></item><item><title>Bamboo Toothbrush</title><price>3.99</price></item><item><title>Bamboo Toothbrush</title><price>3.99</price></item><item><title>10x Bamboo Drinking Straws</title><price>9.99</price></item></items><order><delivery><user>na902</user><name>required</name><email>required@gmail.com</email><address>required</address><city>required</city><postcode>2222</postcode></delivery></order><items><item><title>Bamboo Toothbrush</title><price>3.99</price></item><item><title>Bamboo Toothbrush</title><price>3.99</price></item><item><title>Bamboo Toothbrush</title><price>3.99</price></item><item><title>10x Bamboo Drinking Straws</title><price>9.99</price></item><item><title>Bamboo Toothbrush</title><price>3.99</price></item></items><order><delivery><user>na902</user><name/><email/><address/><city/><postcode/></delivery></order><items><item><title>Bamboo Toothbrush</title><price>3.99</price></item><item><title>Bamboo Toothbrush</title><price>3.99</price></item><item><title>Bamboo Toothbrush</title><price>3.99</price></item><item><title>10x Bamboo Drinking Straws</title><price>9.99</price></item><item><title>Bamboo Toothbrush</title><price>3.99</price></item></items><order><delivery><user>na902</user><name>required</name><email>required@gmail.com</email><address>required</address><city>required</city><postcode>1111</postcode></delivery></order><items><item><title>Bamboo Toothbrush</title><price>3.99</price></item><item><title>Bamboo Toothbrush</title><price>3.99</price></item><item><title>Bamboo Toothbrush</title><price>3.99</price></item><item><title>10x Bamboo Drinking Straws</title><price>9.99</price></item><item><title>Bamboo Toothbrush</title><price>3.99</price></item></items><order><delivery><user>na902</user><name/><email/><address/><city/><postcode/></delivery></order><items><item><title>Bamboo Toothbrush</title><price>3.99</price></item><item><title>Bamboo Toothbrush</title><price>3.99</price></item><item><title>Bamboo Toothbrush</title><price>3.99</price></item><item><title>10x Bamboo Drinking Straws</title><price>9.99</price></item><item><title>Bamboo Toothbrush</title><price>3.99</price></item><item><title>Bamboo Toothbrush</title><price>3.99</price></item></items><order><delivery><user>na902</user><name>required</name><email>required@gmail.com</email><address>required</address><city>required</city><postcode>333</postcode></delivery></order><items><item><title>Bamboo Toothbrush</title><price>3.99</price></item><item><title>Bamboo Toothbrush</title><price>3.99</price></item><item><title>Bamboo Toothbrush</title><price>3.99</price></item><item><title>10x Bamboo Drinking Straws</title><price>9.99</price></item><item><title>Bamboo Toothbrush</title><price>3.99</price></item><item><title>Bamboo Toothbrush</title><price>3.99</price></item></items><order><delivery><user>na902</user><name/><email/><address/><city/><postcode/></delivery></order><items><item><title>Bamboo Toothbrush</title><price>3.99</price></item><item><title>Bamboo Toothbrush</title><price>3.99</price></item><item><title>Bamboo Toothbrush</title><price>3.99</price></item><item><title>10x Bamboo Drinking Straws</title><price>9.99</price></item><item><title>Bamboo Toothbrush</title><price>3.99</price></item><item><title>Bamboo Toothbrush</title><price>3.99</price></item></items><order><delivery><user>na902</user><name>required</name><email>required@gmail.com</email><address>required</address><city>required</city><postcode>333</postcode></delivery></order><items><item><title>Bamboo Toothbrush</title><price>3.99</price></item><item><title>Bamboo Toothbrush</title><price>3.99</price></item><item><title>Bamboo Toothbrush</title><price>3.99</price></item><item><title>10x Bamboo Drinking Straws</title><price>9.99</price></item><item><title>Bamboo Toothbrush</title><price>3.99</price></item><item><title>Bamboo Toothbrush</title><price>3.99</price></item></items><order><delivery><user>na902</user><name>required</name><email>required@gmail.com</email><address>required</address><city>required</city><postcode>333</postcode></delivery></order><items><item><title>Bamboo Toothbrush</title><price>3.99</price></item><item><title>Bamboo Toothbrush</title><price>3.99</price></item><item><title>Bamboo Toothbrush</title><price>3.99</price></item><item><title>10x Bamboo Drinking Straws</title><price>9.99</price></item><item><title>Bamboo Toothbrush</title><price>3.99</price></item><item><title>Bamboo Toothbrush</title><price>3.99</price></item></items><order><delivery><user>na902</user><name/><email/><address/><city/><postcode/></delivery></order><items><item><title>Bamboo Toothbrush</title><price>3.99</price></item><item><title>Bamboo Toothbrush</title><price>3.99</price></item><item><title>Bamboo Toothbrush</title><price>3.99</price></item><item><title>10x Bamboo Drinking Straws</title><price>9.99</price></item><item><title>Bamboo Toothbrush</title><price>3.99</price></item><item><title>Bamboo Toothbrush</title><price>3.99</price></item><item><title>Bamboo Toothbrush</title><price>3.99</price></item></items><order><delivery><user>na902</user><name/><email/><address/><city/><postcode/></delivery></order><items><item><title>Bamboo Toothbrush</title><price>3.99</price></item><item><title>Bamboo Toothbrush</title><price>3.99</price></item><item><title>Bamboo Toothbrush</title><price>3.99</price></item><item><title>10x Bamboo Drinking Straws</title><price>9.99</price></item><item><title>Bamboo Toothbrush</title><price>3.99</price></item><item><title>Bamboo Toothbrush</title><price>3.99</price></item><item><title>Bamboo Toothbrush</title><price>3.99</price></item></items><order><delivery><user>na902</user><name>required</name><email>required@gmail.com</email><address>required</address><city>required</city><postcode>1111</postcode></delivery></order><items><item><title>Bamboo Toothbrush</title><price>3.99</price></item><item><title>Bamboo Toothbrush</title><price>3.99</price></item><item><title>Bamboo Toothbrush</title><price>3.99</price></item><item><title>10x Bamboo Drinking Straws</title><price>9.99</price></item><item><title>Bamboo Toothbrush</title><price>3.99</price></item><item><title>Bamboo Toothbrush</title><price>3.99</price></item><item><title>Bamboo Toothbrush</title><price>3.99</price></item></items><order><delivery><user>na902</user><name/><email/><address/><city/><postcode/></delivery></order><items><item><title>Bamboo Toothbrush</title><price>3.99</price></item><item><title>Bamboo Toothbrush</title><price>3.99</price></item><item><title>Bamboo Toothbrush</title><price>3.99</price></item><item><title>10x Bamboo Drinking Straws</title><price>9.99</price></item><item><title>Bamboo Toothbrush</title><price>3.99</price></item><item><title>Bamboo Toothbrush</title><price>3.99</price></item><item><title>Bamboo Toothbrush</title><price>3.99</price></item></items><order><delivery><user>na902</user><name>required</name><email>required@gmail.com</email><address>required</address><city>required</city><postcode>1111</postcode></delivery></order><items><item><title>Bamboo Toothbrush</title><price>3.99</price></item><item><title>Bamboo Toothbrush</title><price>3.99</price></item><item><title>Bamboo Toothbrush</title><price>3.99</price></item><item><title>10x Bamboo Drinking Straws</title><price>9.99</price></item><item><title>Bamboo Toothbrush</title><price>3.99</price></item><item><title>Bamboo Toothbrush</title><price>3.99</price></item><item><title>Bamboo Toothbrush</title><price>3.99</price></item></items><order><delivery><user>na902</user><name/><email/><address/><city/><postcode/></delivery></order><items><item><title>Bamboo Toothbrush</title><price>3.99</price></item></items><order><delivery><user>na902</user><name>required</name><email>required@gmail.com</email><address>required</address><city>required</city><postcode>1111</postcode></delivery></order><items><item><title>Bamboo Toothbrush</title><price>3.99</price></item></items><order><delivery><user>na902</user><name>required</name><email>required@gmail.com</email><address>required</address><city>required</city><postcode>1111</postcode></delivery></order><items><item><title>Bamboo Toothbrush</title><price>3.99</price></item><item><title>10x Bamboo Drinking Straws</title><price>9.99</price></item></items><order><delivery><user>na902</user><name>required</name><email>required@gmail.com</email><address>required</address><city>required</city><postcode>1111</postcode></delivery></order><items><item><title>Bamboo Toothbrush</title><price>3.99</price></item><item><title>10x Bamboo Drinking Straws</title><price>9.99</price></item></items><order><delivery><user>na902</user><name>required</name><email>required@gmail.com</email><address>required</address><city>required</city><postcode>1111</postcode></delivery></order><items><item><title>Bamboo Toothbrush</title><price>3.99</price></item><item><title>10x Bamboo Drinking Straws</title><price>9.99</price></item></items><order><delivery><user>na902</user><name>required</name><email>required@gmail.com</email><address>required</address><city>required</city><postcode>1111</postcode></delivery></order><items><item><title>Bamboo Toothbrush</title><price>3.99</price></item><item><title>10x Bamboo Drinking Straws</title><price>9.99</price></item></items><order><delivery><user>na902</user><name>required</name><email>required@gmail.com</email><address>required</address><city>required</city><postcode>1111</postcode></delivery></order><items><item><title>Bamboo Toothbrush</title><price>3.99</price></item></items><order><delivery><user>na902</user><name>required</name><email>required@gmail.com</email><address>required</address><city>required</city><postcode>1111</postcode></delivery></order><items><item><title>Bamboo Toothbrush</title><price>3.99</price></item></items><order><delivery><user>na902</user><name>required</name><email>required@gmail.com</email><address>required</address><city>required</city><postcode>1111</postcode></delivery></order><items><item><title>Bamboo Toothbrush</title><price>3.99</price></item><item><title>10x Bamboo Drinking Straws</title><price>9.99</price></item></items><order><delivery><user>na902</user><name>required</name><email>required@gmail.com</email><address>required</address><city>required</city><postcode>1111</postcode></delivery></order><items><item><title>Bamboo Toothbrush</title><price>3.99</price></item><item><title>10x Bamboo Drinking Straws</title><price>9.99</price></item></items><order><delivery><user>na902</user><name>required</name><email>required@gmail.com</email><address>required</address><city>required</city><postcode>1111</postcode></delivery></order><items/><order><delivery><user>na902</user><name>required</name><email>required@gmail.com</email><address>required</address><city>required</city><postcode>1111</postcode></delivery></order><items/><order><delivery><user>na902</user><name>required</name><email>required@gmail.com</email><address>required</address><city>required</city><postcode>1111</postcode></delivery></order><items><item><title>Bamboo Toothbrush</title><price>3.99</price></item></items><order><delivery><user>na902</user><name>required</name><email>required@gmail.com</email><address>required</address><city>required</city><postcode>1111</postcode></delivery></order><items/><order><delivery><user>na902</user><name>required</name><email>required@gmail.com</email><address>required</address><city>required</city><postcode>1111</postcode></delivery></order><items><item><title>Bamboo Toothbrush</title><price>3.99</price></item></items><order><delivery><user>na902</user><name>required</name><email>required@gmail.com</email><address>required</address><city>required</city><postcode>1111</postcode></delivery></order><items/><order><delivery><user>na902</user><name>required</name><email>required@gmail.com</email><address>required</address><city>required</city><postcode>1111</postcode></delivery></order><items/><order><delivery><user>na902</user><name>required</name><email>required@gmail.com</email><address>required</address><city>required</city><postcode>1111</postcode></delivery></order><items><item><title>Bamboo Toothbrush</title><price>3.99</price></item></items><order><delivery><user>na902</user><name>required</name><email>required@gmail.com</email><address>required</address><city>required</city><postcode>1111</postcode></delivery></order><items/><order><delivery><user>na902</user><name>required</name><email>required@gmail.com</email><address>required</address><city>required</city><postcode>1111</postcode></delivery></order><items/><order><delivery><user>na902</user><name>required</name><email>required@gmail.com</email><address>required</address><city>required</city><postcode>1111</postcode></delivery></order><items><item><title>Bamboo Toothbrush</title><price>3.99</price></item></items><order><delivery><user>na902</user><name>required</name><email>required@gmail.com</email><address>required</address><city>required</city><postcode>1111</postcode></delivery></order><items><item><title>Bamboo Toothbrush</title><price>3.99</price></item></items><order><delivery><user>na902</user><name>required</name><email>required@gmail.com</email><address>required</address><city>required</city><postcode>1111</postcode></delivery></order><items><item><title>Bamboo Toothbrush</title><price>3.99</price></item></items><order><delivery><user>na902</user><name>required</name><email>required@gmail.com</email><address>required</address><city>required</city><postcode>1111</postcode></delivery></order><items><item><title>Bamboo Toothbrush</title><price>3.99</price></item></items><order><delivery><user>na902</user><name>required</name><email>required@gmail.com</email><address>required</address><city>required</city><postcode>1111</postcode></delivery></order><items><item><title>Bamboo Toothbrush</title><price>3.99</price></item></items><order><delivery><user/><name>word</name><email>yoza@gmail.com</email><address>yoza@gmail.com</address><city>yoza@gmail.com</city><postcode>4000</postcode></delivery></order><items><item><title>Bamboo Toothbrush</title><price>3.99</price></item></items><order><delivery><user/><name>word</name><email>yoza@gmail.com</email><address>yoza@gmail.com</address><city>yoza@gmail.com</city><postcode>4000</postcode></delivery></order><items><item><title>Bamboo Toothbrush</title><price>3.99</price></item><item><title>10x Bamboo Drinking Straws</title><price>9.99</price></item><item><title>Bamboo Toothbrush</title><price>3.99</price></item><item><title>Bamboo Toothbrush</title><price>3.99</price></item><item><title>Bamboo Toothbrush</title><price>3.99</price></item><item><title>Bamboo Toothbrush</title><price>3.99</price></item><item><title>Bamboo Toothbrush</title><price>3.99</price></item></items><order><delivery><user/><name>word</name><email>yoza@gmail.com</email><address>yoza@gmail.com</address><city>yoza@gmail.com</city><postcode>4000</postcode></delivery></order><items><item><title>Bamboo Toothbrush</title><price>3.99</price></item><item><title>10x Bamboo Drinking Straws</title><price>9.99</price></item><item><title>Bamboo Toothbrush</title><price>3.99</price></item><item><title>Bamboo Toothbrush</title><price>3.99</price></item><item><title>Bamboo Toothbrush</title><price>3.99</price></item><item><title>Bamboo Toothbrush</title><price>3.99</price></item><item><title>Bamboo Toothbrush</title><price>3.99</price></item><item><title>Bamboo Toothbrush</title><price>3.99</price></item></items><order><delivery><user>username</user><name>word</name><email>yoza@gmail.com</email><address>yoza@gmail.com</address><city>yoza@gmail.com</city><postcode>4000</postcode></delivery></order><items><item><title>Bamboo Toothbrush</title><price>3.99</price></item><item><title>10x Bamboo Drinking Straws</title><price>9.99</price></item><item><title>Bamboo Toothbrush</title><price>3.99</price></item><item><title>Bamboo Toothbrush</title><price>3.99</price></item><item><title>Bamboo Toothbrush</title><price>3.99</price></item><item><title>Bamboo Toothbrush</title><price>3.99</price></item><item><title>Bamboo Toothbrush</title><price>3.99</price></item><item><title>Bamboo Toothbrush</title><price>3.99</price></item><item><title>Bamboo Toothbrush</title><price>3.99</price></item><item><title>Bamboo Toothbrush</title><price>3.99</price></item><item><title>Bamboo Toothbrush</title><price>3.99</price></item><item><title>Bamboo Toothbrush</title><price>3.99</price></item></items><order><delivery><user>username</user><name>word</name><email>yoza@gmail.com</email><address>yoza@gmail.com</address><city>yoza@gmail.com</city><postcode>4000</postcode></delivery></order><items><item><title>Bamboo Toothbrush</title><price>3.99</price></item><item><title>10x Bamboo Drinking Straws</title><price>9.99</price></item><item><title>Bamboo Toothbrush</title><price>3.99</price></item><item><title>Bamboo Toothbrush</title><price>3.99</price></item><item><title>Bamboo Toothbrush</title><price>3.99</price></item><item><title>Bamboo Toothbrush</title><price>3.99</price></item><item><title>Bamboo Toothbrush</title><price>3.99</price></item><item><title>Bamboo Toothbrush</title><price>3.99</price></item><item><title>Bamboo Toothbrush</title><price>3.99</price></item><item><title>Bamboo Toothbrush</title><price>3.99</price></item><item><title>Bamboo Toothbrush</title><price>3.99</price></item><item><title>Bamboo Toothbrush</title><price>3.99</price></item></items><order><delivery><user>username</user><name>word</name><email>yoza@gmail.com</email><address>yoza@gmail.com</address><city>yoza@gmail.com</city><postcode>4000</postcode></delivery></order><items><item><title>Bamboo Toothbrush</title><price>3.99</price></item></items><order><delivery><user>username</user><name>word</name><email>yoza@gmail.com</email><address>yoza@gmail.com</address><city>yoza@gmail.com</city><postcode>4000</postcode></delivery></order><items><item><title>Bamboo Toothbrush</title><price>3.99</price></item></items><order><delivery><user>username</user><name>word</name><email>yoza@gmail.com</email><address>yoza@gmail.com</address><city>yoza@gmail.com</city><postcode>4000</postcode></delivery></order><items><item><title>Bamboo Toothbrush</title><price>3.99</price></item></items><order><delivery><user>username</user><name>word</name><email>yoza@gmail.com</email><address>yoza@gmail.com</address><city>yoza@gmail.com</city><postcode>4000</postcode></delivery></order><items><item><title>Bamboo Toothbrush</title><price>3.99</price></item></items><order><delivery><user>username</user><name>word</name><email>yoza@gmail.com</email><address>yoza@gmail.com</address><city>yoza@gmail.com</city><postcode>4000</postcode></delivery></order><items><item><title>Bamboo Toothbrush</title><price>3.99</price></item></items><order><delivery><user>username</user><name>word</name><email>yoza@gmail.com</email><address>yoza@gmail.com</address><city>yoza@gmail.com</city><postcode>4000</postcode></delivery></order><items><item><title>Bamboo Toothbrush</title><price>3.99</price></item></items><order><delivery><user>username</user><name>word</name><email>yoza@gmail.com</email><address>yoza@gmail.com</address><city>yoza@gmail.com</city><postcode>4000</postcode></delivery></order><items><item><title>Bamboo Toothbrush</title><price>3.99</price></item></items><order><delivery><user>username</user><name>word</name><email>yoza@gmail.com</email><address>yoza@gmail.com</address><city>yoza@gmail.com</city><postcode>4000</postcode></delivery></order><items><item><title>Bamboo Toothbrush</title><price>3.99</price></item></items><order><delivery><user>username</user><name>word</name><email>yoza@gmail.com</email><address>yoza@gmail.com</address><city>yoza@gmail.com</city><postcode>4000</postcode></delivery></order><items><item><title>Bamboo Toothbrush</title><price>3.99</price></item></items><order><delivery><user>username</user><name>word</name><email>yoza@gmail.com</email><address>yoza@gmail.com</address><city>yoza@gmail.com</city><postcode>4000</postcode></delivery></order><items><item><title>Bamboo Toothbrush</title><price>3.99</price></item></items><order><delivery><user>username</user><name>word</name><email>yoza@gmail.com</email><address>yoza@gmail.com</address><city>yoza@gmail.com</city><postcode>4000</postcode></delivery></order><items><item><title>Bamboo Toothbrush</title><price>3.99</price></item></items><order><delivery><user>username</user><name>word</name><email>yoza@gmail.com</email><address>yoza@gmail.com</address><city>yoza@gmail.com</city><postcode>4000</postcode></delivery></order><items><item><title>Bamboo Toothbrush</title><price>3.99</price></item></items><order><delivery><user>username</user><name>word</name><email>yoza@gmail.com</email><address>yoza@gmail.com</address><city>yoza@gmail.com</city><postcode>4000</postcode></delivery></order><items><item><title>Bamboo Toothbrush</title><price>3.99</price></item></items><order><delivery><user>username</user><name>word</name><email>yoza@gmail.com</email><address>yoza@gmail.com</address><city>yoza@gmail.com</city><postcode>4000</postcode></delivery></order><items><item><title>Bamboo Toothbrush</title><price>3.99</price></item></items><order><delivery><user>Hello</user><name>word</name><email>yoza@gmail.com</email><address>yoza@gmail.com</address><city>yoza@gmail.com</city><postcode>4000</postcode></delivery></order><items><item><title>Bamboo Toothbrush</title><price>3.99</price></item><item><title>Bamboo Toothbrush</title><price>3.99</price></item></items><order><delivery><user>Hello</user><name>word</name><email>yoza@gmail.com</email><address>yoza@gmail.com</address><city>yoza@gmail.com</city><postcode>4000</postcode></delivery></order><items><item><title>Bamboo Toothbrush</title><price>3.99</price></item><item><title>10x Bamboo Drinking Straws</title><price>9.99</price></item><item><title>10x Bamboo Drinking Straws</title><price>9.99</price></item><item><title>10x Bamboo Drinking Straws</title><price>9.99</price></item><item><title>10x Bamboo Drinking Straws</title><price>9.99</price></item></items><order><delivery><user>Hello</user><name>word</name><email>yoza@gmail.com</email><address>yoza@gmail.com</address><city>yoza@gmail.com</city><postcode>4000</postcode></delivery></order><items><item><title>Bamboo Toothbrush</title><price>3.99</price></item><item><title>10x Bamboo Drinking Straws</title><price>9.99</price></item><item><title>10x Bamboo Drinking Straws</title><price>9.99</price></item><item><title>10x Bamboo Drinking Straws</title><price>9.99</price></item><item><title>10x Bamboo Drinking Straws</title><price>9.99</price></item></items><order><delivery><user>Hello</user><name>word</name><email>yoza@gmail.com</email><address>yoza@gmail.com</address><city>yoza@gmail.com</city><postcode>4000</postcode></delivery></order><items><item><title>Bamboo Toothbrush</title><price>3.99</price></item><item><title>10x Bamboo Drinking Straws</title><price>9.99</price></item><item><title>10x Bamboo Drinking Straws</title><price>9.99</price></item><item><title>10x Bamboo Drinking Straws</title><price>9.99</price></item><item><title>10x Bamboo Drinking Straws</title><price>9.99</price></item></items><order><delivery><user>Hello</user><name>word</name><email>yoza@gmail.com</email><address>yoza@gmail.com</address><city>yoza@gmail.com</city><postcode>4000</postcode></delivery></order><items><item><title>Bamboo Toothbrush</title><price>3.99</price></item><item><title>10x Bamboo Drinking Straws</title><price>9.99</price></item><item><title>10x Bamboo Drinking Straws</title><price>9.99</price></item><item><title>10x Bamboo Drinking Straws</title><price>9.99</price></item><item><title>10x Bamboo Drinking Straws</title><price>9.99</price></item></items><order><delivery><user>Hello</user><name>word</name><email>yoza@gmail.com</email><address>yoza@gmail.com</address><city>yoza@gmail.com</city><postcode>4000</postcode></delivery></order><items><item><title>Bamboo Toothbrush</title><price>3.99</price></item><item><title>10x Bamboo Drinking Straws</title><price>9.99</price></item><item><title>10x Bamboo Drinking Straws</title><price>9.99</price></item><item><title>10x Bamboo Drinking Straws</title><price>9.99</price></item><item><title>10x Bamboo Drinking Straws</title><price>9.99</price></item></items><order><delivery><user>Hello</user><name>word</name><email>yoza@gmail.com</email><address>yoza@gmail.com</address><city>yoza@gmail.com</city><postcode>4000</postcode></delivery></order><items><item><title>Bamboo Toothbrush</title><price>3.99</price></item><item><title>10x Bamboo Drinking Straws</title><price>9.99</price></item><item><title>10x Bamboo Drinking Straws</title><price>9.99</price></item><item><title>10x Bamboo Drinking Straws</title><price>9.99</price></item><item><title>10x Bamboo Drinking Straws</title><price>9.99</price></item></items><order><delivery><user>Hello</user><name>word</name><email>yoza@gmail.com</email><address>yoza@gmail.com</address><city>yoza@gmail.com</city><postcode>4000</postcode></delivery></order><items><item><title>Bamboo Toothbrush</title><price>3.99</price></item><item><title>10x Bamboo Drinking Straws</title><price>9.99</price></item><item><title>10x Bamboo Drinking Straws</title><price>9.99</price></item><item><title>10x Bamboo Drinking Straws</title><price>9.99</price></item><item><title>10x Bamboo Drinking Straws</title><price>9.99</price></item></items><order><delivery><user>Hello</user><name>word</name><email>yoza@gmail.com</email><address>yoza@gmail.com</address><city>yoza@gmail.com</city><postcode>4000</postcode></delivery></order><items><item><title>Bamboo Toothbrush</title><price>3.99</price></item><item><title>10x Bamboo Drinking Straws</title><price>9.99</price></item><item><title>10x Bamboo Drinking Straws</title><price>9.99</price></item><item><title>10x Bamboo Drinking Straws</title><price>9.99</price></item><item><title>10x Bamboo Drinking Straws</title><price>9.99</price></item></items><order><delivery><user>Hello</user><name>word</name><email>yoza@gmail.com</email><address>yoza@gmail.com</address><city>yoza@gmail.com</city><postcode>4000</postcode></delivery></order><items><item><title>Bamboo Toothbrush</title><price>3.99</price></item><item><title>10x Bamboo Drinking Straws</title><price>9.99</price></item><item><title>10x Bamboo Drinking Straws</title><price>9.99</price></item><item><title>10x Bamboo Drinking Straws</title><price>9.99</price></item><item><title>10x Bamboo Drinking Straws</title><price>9.99</price></item></items><order><delivery><user>Hello</user><name>word</name><email>yoza@gmail.com</email><address>yoza@gmail.com</address><city>yoza@gmail.com</city><postcode>4000</postcode></delivery></order><items><item><title>Bamboo Toothbrush</title><price>3.99</price></item><item><title>10x Bamboo Drinking Straws</title><price>9.99</price></item><item><title>10x Bamboo Drinking Straws</title><price>9.99</price></item><item><title>10x Bamboo Drinking Straws</title><price>9.99</price></item><item><title>10x Bamboo Drinking Straws</title><price>9.99</price></item></items><order><delivery><user>Hello</user><name>word</name><email>yoza@gmail.com</email><address>yoza@gmail.com</address><city>yoza@gmail.com</city><postcode>4000</postcode></delivery></order><items><item><title>Bamboo Toothbrush</title><price>3.99</price></item><item><title>10x Bamboo Drinking Straws</title><price>9.99</price></item><item><title>10x Bamboo Drinking Straws</title><price>9.99</price></item><item><title>10x Bamboo Drinking Straws</title><price>9.99</price></item><item><title>10x Bamboo Drinking Straws</title><price>9.99</price></item></items><order><delivery><user>Hello</user><name>word</name><email>yoza@gmail.com</email><address>yoza@gmail.com</address><city>yoza@gmail.com</city><postcode>4000</postcode></delivery></order><items><item><title>Bamboo Toothbrush</title><price>3.99</price></item><item><title>10x Bamboo Drinking Straws</title><price>9.99</price></item><item><title>10x Bamboo Drinking Straws</title><price>9.99</price></item><item><title>10x Bamboo Drinking Straws</title><price>9.99</price></item><item><title>10x Bamboo Drinking Straws</title><price>9.99</price></item></items><order><delivery><user>Hello</user><name>word</name><email>yoza@gmail.com</email><address>yoza@gmail.com</address><city>yoza@gmail.com</city><postcode>4000</postcode></delivery></order><items><item><title>Bamboo Toothbrush</title><price>3.99</price></item><item><title>10x Bamboo Drinking Straws</title><price>9.99</price></item><item><title>10x Bamboo Drinking Straws</title><price>9.99</price></item><item><title>10x Bamboo Drinking Straws</title><price>9.99</price></item><item><title>10x Bamboo Drinking Straws</title><price>9.99</price></item></items><order><delivery><user>Hello</user><name>word</name><email>yoza@gmail.com</email><address>yoza@gmail.com</address><city>yoza@gmail.com</city><postcode>4000</postcode></delivery></order><items><item><title>Bamboo Toothbrush</title><price>3.99</price></item><item><title>10x Bamboo Drinking Straws</title><price>9.99</price></item><item><title>10x Bamboo Drinking Straws</title><price>9.99</price></item><item><title>10x Bamboo Drinking Straws</title><price>9.99</price></item><item><title>10x Bamboo Drinking Straws</title><price>9.99</price></item></items><order><delivery><user>Hello</user><name>word</name><email>yoza@gmail.com</email><address>yoza@gmail.com</address><city>yoza@gmail.com</city><postcode>4000</postcode></delivery></order><items><item><title>Bamboo Toothbrush</title><price>3.99</price></item><item><title>10x Bamboo Drinking Straws</title><price>9.99</price></item><item><title>10x Bamboo Drinking Straws</title><price>9.99</price></item><item><title>10x Bamboo Drinking Straws</title><price>9.99</price></item><item><title>10x Bamboo Drinking Straws</title><price>9.99</price></item></items><order><delivery><user>Hello</user><name>word</name><email>yoza@gmail.com</email><address>yoza@gmail.com</address><city>yoza@gmail.com</city><postcode>4000</postcode></delivery></order><items><item><title>Bamboo Toothbrush</title><price>3.99</price></item><item><title>10x Bamboo Drinking Straws</title><price>9.99</price></item><item><title>10x Bamboo Drinking Straws</title><price>9.99</price></item><item><title>10x Bamboo Drinking Straws</title><price>9.99</price></item><item><title>10x Bamboo Drinking Straws</title><price>9.99</price></item></items><order><delivery><user>Hello</user><name>word</name><email>yoza@gmail.com</email><address>yoza@gmail.com</address><city>yoza@gmail.com</city><postcode>4000</postcode></delivery></order><items><item><title>Bamboo Toothbrush</title><price>3.99</price></item><item><title>10x Bamboo Drinking Straws</title><price>9.99</price></item><item><title>10x Bamboo Drinking Straws</title><price>9.99</price></item><item><title>10x Bamboo Drinking Straws</title><price>9.99</price></item><item><title>10x Bamboo Drinking Straws</title><price>9.99</price></item></items><order><delivery><user>Hello</user><name>word</name><email>yoza@gmail.com</email><address>yoza@gmail.com</address><city>yoza@gmail.com</city><postcode>4000</postcode></delivery></order><items><item><title>Bamboo Toothbrush</title><price>3.99</price></item><item><title>10x Bamboo Drinking Straws</title><price>9.99</price></item><item><title>10x Bamboo Drinking Straws</title><price>9.99</price></item><item><title>10x Bamboo Drinking Straws</title><price>9.99</price></item><item><title>10x Bamboo Drinking Straws</title><price>9.99</price></item></items><order><delivery><user>Hello</user><name>word</name><email>yoza@gmail.com</email><address>yoza@gmail.com</address><city>yoza@gmail.com</city><postcode>4000</postcode></delivery></order><items><item><title>Bamboo Toothbrush</title><price>3.99</price></item><item><title>10x Bamboo Drinking Straws</title><price>9.99</price></item><item><title>10x Bamboo Drinking Straws</title><price>9.99</price></item><item><title>10x Bamboo Drinking Straws</title><price>9.99</price></item><item><title>10x Bamboo Drinking Straws</title><price>9.99</price></item></items><order><delivery><user>Hello</user><name>word</name><email>yoza@gmail.com</email><address>yoza@gmail.com</address><city>yoza@gmail.com</city><postcode>4000</postcode></delivery></order><items><item><title>Bamboo Toothbrush</title><price>3.99</price></item><item><title>10x Bamboo Drinking Straws</title><price>9.99</price></item><item><title>10x Bamboo Drinking Straws</title><price>9.99</price></item><item><title>10x Bamboo Drinking Straws</title><price>9.99</price></item><item><title>10x Bamboo Drinking Straws</title><price>9.99</price></item></items><order><delivery><user>Hello</user><name>word</name><email>yoza@gmail.com</email><address>yoza@gmail.com</address><city>yoza@gmail.com</city><postcode>4000</postcode></delivery></order><items><item><title>Bamboo Toothbrush</title><price>3.99</price></item><item><title>10x Bamboo Drinking Straws</title><price>9.99</price></item><item><title>10x Bamboo Drinking Straws</title><price>9.99</price></item><item><title>10x Bamboo Drinking Straws</title><price>9.99</price></item><item><title>10x Bamboo Drinking Straws</title><price>9.99</price></item></items><order><delivery><user>Hello</user><name>word</name><email>yoza@gmail.com</email><address>yoza@gmail.com</address><city>yoza@gmail.com</city><postcode>4000</postcode></delivery></order><items><item><title>Bamboo Toothbrush</title><price>3.99</price></item><item><title>10x Bamboo Drinking Straws</title><price>9.99</price></item><item><title>10x Bamboo Drinking Straws</title><price>9.99</price></item><item><title>10x Bamboo Drinking Straws</title><price>9.99</price></item><item><title>10x Bamboo Drinking Straws</title><price>9.99</price></item></items><order><delivery><user>Hello</user><name>word</name><email>yoza@gmail.com</email><address>yoza@gmail.com</address><city>yoza@gmail.com</city><postcode>4000</postcode></delivery></order><items><item><title>Bamboo Toothbrush</title><price>3.99</price></item><item><title>10x Bamboo Drinking Straws</title><price>9.99</price></item><item><title>10x Bamboo Drinking Straws</title><price>9.99</price></item><item><title>10x Bamboo Drinking Straws</title><price>9.99</price></item><item><title>10x Bamboo Drinking Straws</title><price>9.99</price></item></items><order><delivery><user>Hello</user><name>word</name><email>yoza@gmail.com</email><address>yoza@gmail.com</address><city>yoza@gmail.com</city><postcode>4000</postcode></delivery></order><items><item><title>Bamboo Toothbrush</title><price>3.99</price></item><item><title>10x Bamboo Drinking Straws</title><price>9.99</price></item><item><title>10x Bamboo Drinking Straws</title><price>9.99</price></item><item><title>10x Bamboo Drinking Straws</title><price>9.99</price></item><item><title>10x Bamboo Drinking Straws</title><price>9.99</price></item></items><order><delivery><user>Hello</user><name>word</name><email>yoza@gmail.com</email><address>yoza@gmail.com</address><city>yoza@gmail.com</city><postcode>4000</postcode></delivery></order><items><item><title>Bamboo Toothbrush</title><price>3.99</price></item><item><title>10x Bamboo Drinking Straws</title><price>9.99</price></item><item><title>10x Bamboo Drinking Straws</title><price>9.99</price></item><item><title>10x Bamboo Drinking Straws</title><price>9.99</price></item><item><title>10x Bamboo Drinking Straws</title><price>9.99</price></item></items><order><delivery><user>Hello</user><name>word</name><email>yoza@gmail.com</email><address>yoza@gmail.com</address><city>yoza@gmail.com</city><postcode>4000</postcode></delivery></order><items><item><title>Bamboo Toothbrush</title><price>3.99</price></item><item><title>10x Bamboo Drinking Straws</title><price>9.99</price></item><item><title>10x Bamboo Drinking Straws</title><price>9.99</price></item><item><title>10x Bamboo Drinking Straws</title><price>9.99</price></item><item><title>10x Bamboo Drinking Straws</title><price>9.99</price></item><item><title>Bamboo Toothbrush</title><price>3.99</price></item></items><order><delivery><user>Hello</user><name>word</name><email>yoza@gmail.com</email><address>yoza@gmail.com</address><city>yoza@gmail.com</city><postcode>4000</postcode></delivery></order><items><item><title>Bamboo Toothbrush</title><price>3.99</price></item><item><title>10x Bamboo Drinking Straws</title><price>9.99</price></item><item><title>10x Bamboo Drinking Straws</title><price>9.99</price></item><item><title>10x Bamboo Drinking Straws</title><price>9.99</price></item><item><title>10x Bamboo Drinking Straws</title><price>9.99</price></item><item><title>Bamboo Toothbrush</title><price>3.99</price></item><item><title>Bamboo Toothbrush</title><price>3.99</price></item><item><title>Bamboo Toothbrush</title><price>3.99</price></item><item><title>Bamboo Toothbrush</title><price>3.99</price></item></items><order><delivery><user>Hello</user><name>word</name><email>yoza@gmail.com</email><address>yoza@gmail.com</address><city>yoza@gmail.com</city><postcode>4000</postcode></delivery></order><items><item><title>Bamboo Toothbrush</title><price>3.99</price></item><item><title>10x Bamboo Drinking Straws</title><price>9.99</price></item><item><title>10x Bamboo Drinking Straws</title><price>9.99</price></item><item><title>10x Bamboo Drinking Straws</title><price>9.99</price></item><item><title>10x Bamboo Drinking Straws</title><price>9.99</price></item><item><title>Bamboo Toothbrush</title><price>3.99</price></item><item><title>Bamboo Toothbrush</title><price>3.99</price></item><item><title>Bamboo Toothbrush</title><price>3.99</price></item><item><title>Bamboo Toothbrush</title><price>3.99</price></item></items><order><delivery><user>Hello</user><name>word</name><email>yoza@gmail.com</email><address>yoza@gmail.com</address><city>yoza@gmail.com</city><postcode>4000</postcode></delivery></order><items><item><title>Bamboo Toothbrush</title><price>3.99</price></item><item><title>10x Bamboo Drinking Straws</title><price>9.99</price></item><item><title>10x Bamboo Drinking Straws</title><price>9.99</price></item><item><title>10x Bamboo Drinking Straws</title><price>9.99</price></item><item><title>10x Bamboo Drinking Straws</title><price>9.99</price></item><item><title>Bamboo Toothbrush</title><price>3.99</price></item><item><title>Bamboo Toothbrush</title><price>3.99</price></item><item><title>Bamboo Toothbrush</title><price>3.99</price></item><item><title>Bamboo Toothbrush</title><price>3.99</price></item></items><order><delivery><user>Hello</user><name>word</name><email>yoza@gmail.com</email><address>yoza@gmail.com</address><city>yoza@gmail.com</city><postcode>4000</postcode></delivery></order><items><item><title>Bamboo Toothbrush</title><price>3.99</price></item><item><title>10x Bamboo Drinking Straws</title><price>9.99</price></item><item><title>10x Bamboo Drinking Straws</title><price>9.99</price></item><item><title>10x Bamboo Drinking Straws</title><price>9.99</price></item><item><title>10x Bamboo Drinking Straws</title><price>9.99</price></item><item><title>Bamboo Toothbrush</title><price>3.99</price></item><item><title>Bamboo Toothbrush</title><price>3.99</price></item><item><title>Bamboo Toothbrush</title><price>3.99</price></item><item><title>Bamboo Toothbrush</title><price>3.99</price></item></items><order><delivery><user>Hello</user><name>word</name><email>yoza@gmail.com</email><address>yoza@gmail.com</address><city>yoza@gmail.com</city><postcode>4000</postcode></delivery></order><items><item><title>Bamboo Toothbrush</title><price>3.99</price></item><item><title>10x Bamboo Drinking Straws</title><price>9.99</price></item><item><title>10x Bamboo Drinking Straws</title><price>9.99</price></item><item><title>10x Bamboo Drinking Straws</title><price>9.99</price></item><item><title>10x Bamboo Drinking Straws</title><price>9.99</price></item><item><title>Bamboo Toothbrush</title><price>3.99</price></item><item><title>Bamboo Toothbrush</title><price>3.99</price></item><item><title>Bamboo Toothbrush</title><price>3.99</price></item><item><title>Bamboo Toothbrush</title><price>3.99</price></item></items></orders>
